v_family,v_3p_del,proportions
IGHV1,0,0.4063922570603576
IGHV1,1,0.2908513481010985
IGHV1,2,0.12128565438090357
IGHV1,3,0.1155056496712701
IGHV1,4,0.02684868854337585
IGHV1,5,0.02124120249283166
IGHV1,6,0.010244082421104195
IGHV1,7,0.0033068175092587112
IGHV1,8,0.002363631555551638
IGHV1,9,0.001050223077959545
IGHV1,10,8.31111788313309e-05
IGHV1,11,8.18519185460077e-05
IGHV1,12,0.000109555644823118
IGHV1,13,6.800005540745255e-05
IGHV1,14,6.674079512212935e-05
IGHV1,15,8.05926582606845e-05
IGHV1,16,8.31111788313309e-05
IGHV1,17,6.170375398083658e-05
IGHV1,18,3.5259287989049474e-05
IGHV1,19,2.77037262771103e-05
IGHV1,20,2.6444465991787105e-05
IGHV1,21,1.0074082282585563e-05
IGHV1,22,1.888890427984793e-05
IGHV1,23,1.1333342567908759e-05
IGHV1,24,8.814821997262368e-06
IGHV1,25,1.2592602853231954e-06
IGHV1,26,6.296301426615978e-06
IGHV1,27,2.5185205706463907e-06
IGHV1,28,1.2592602853231954e-06
IGHV1,29,5.0370411412927815e-06
IGHV1,30,2.5185205706463907e-06
IGHV1,31,8.814821997262368e-06
IGHV1,32,2.5185205706463907e-06
IGHV1,33,1.0074082282585563e-05
IGHV1,34,5.0370411412927815e-06
IGHV1,35,5.0370411412927815e-06
IGHV1,36,1.2592602853231954e-06
IGHV1,37,1.2592602853231954e-06
IGHV1,39,2.5185205706463907e-06
IGHV1,40,2.5185205706463907e-06
IGHV1,41,2.5185205706463907e-06
IGHV1,42,2.5185205706463907e-06
IGHV1,43,1.2592602853231954e-06
IGHV1,44,1.2592602853231954e-06
IGHV1,45,3.7777808559695865e-06
IGHV1,46,2.5185205706463907e-06
IGHV1,47,3.7777808559695865e-06
IGHV1,50,1.2592602853231954e-06
IGHV1,56,8.814821997262368e-06
IGHV1,58,6.296301426615978e-06
IGHV1,59,3.7777808559695865e-06
IGHV1,61,1.2592602853231954e-06
IGHV1,62,2.5185205706463907e-06
IGHV1,64,1.2592602853231954e-06
IGHV1,65,1.2592602853231954e-06
IGHV1,66,2.5185205706463907e-06
IGHV1,68,1.2592602853231954e-06
IGHV1,69,2.5185205706463907e-06
IGHV1,70,1.2592602853231954e-06
IGHV1,72,2.5185205706463907e-06
IGHV1,74,2.5185205706463907e-06
IGHV1,75,5.0370411412927815e-06
IGHV1,78,1.2592602853231954e-06
IGHV1,79,1.2592602853231954e-06
IGHV1,86,2.5185205706463907e-06
IGHV1,94,1.2592602853231954e-06
IGHV1,95,5.0370411412927815e-06
IGHV1,96,3.7777808559695865e-06
IGHV1,97,1.2592602853231954e-06
IGHV1,99,1.2592602853231954e-06
IGHV1/OR15,0,0.42857142857142855
IGHV1/OR15,1,0.19047619047619047
IGHV1/OR15,2,0.047619047619047616
IGHV1/OR15,3,0.047619047619047616
IGHV1/OR15,4,0.14285714285714285
IGHV1/OR15,6,0.047619047619047616
IGHV1/OR15,48,0.047619047619047616
IGHV1/OR15,55,0.047619047619047616
IGHV2,0,0.2136996827285346
IGHV2,1,0.08829069998017053
IGHV2,2,0.2842987804878049
IGHV2,3,0.15177597660122943
IGHV2,4,0.17803142970454094
IGHV2,5,0.02831276026174896
IGHV2,6,0.039020672218917314
IGHV2,7,0.003891532817767202
IGHV2,8,0.008762145548284752
IGHV2,9,0.0017536684513186594
IGHV2,10,0.0009852766210588935
IGHV2,11,0.000706424747174301
IGHV2,12,4.9573666468372e-05
IGHV2,13,7.4360499702558e-05
IGHV2,14,3.09835415427325e-05
IGHV2,15,1.85901249256395e-05
IGHV2,16,4.33769581598255e-05
IGHV2,17,5.57703747769185e-05
IGHV2,18,4.33769581598255e-05
IGHV2,19,3.09835415427325e-05
IGHV2,20,6.1967083085465e-06
IGHV2,21,1.2393416617093e-05
IGHV2,22,2.4786833234186e-05
IGHV2,23,6.1967083085465e-06
IGHV2,25,6.1967083085465e-06
IGHV2,28,6.1967083085465e-06
IGHV2,29,6.1967083085465e-06
IGHV2,30,6.1967083085465e-06
IGHV2,33,6.1967083085465e-06
IGHV2,38,6.1967083085465e-06
IGHV2,39,6.1967083085465e-06
IGHV2,48,6.1967083085465e-06
IGHV2,52,6.1967083085465e-06
IGHV2,66,6.1967083085465e-06
IGHV2,73,6.1967083085465e-06
IGHV2,76,6.1967083085465e-06
IGHV3,0,0.47898943133693794
IGHV3,1,0.2621635212807075
IGHV3,2,0.09521355515196349
IGHV3,3,0.10333850060469543
IGHV3,4,0.021233744914116625
IGHV3,5,0.017524115087462648
IGHV3,6,0.009706712327059185
IGHV3,7,0.004563268596981925
IGHV3,8,0.004472668182214889
IGHV3,9,0.0015169335499985454
IGHV3,10,0.0003640640519996509
IGHV3,11,0.0002501901361915409
IGHV3,12,0.00011054912994509947
IGHV3,13,7.480768191773649e-05
IGHV3,14,6.732691372596284e-05
IGHV3,15,7.730127131499437e-05
IGHV3,16,5.901494906843656e-05
IGHV3,17,3.823503742462087e-05
IGHV3,18,3.6572644493115616e-05
IGHV3,19,2.742948336983671e-05
IGHV3,20,1.8286322246557808e-05
IGHV3,21,1.2467946986289415e-05
IGHV3,22,1.6623929315052554e-05
IGHV3,23,9.143161123278904e-06
IGHV3,24,9.97435758903153e-06
IGHV3,25,4.987178794515765e-06
IGHV3,26,1.2467946986289415e-05
IGHV3,27,1.6623929315052552e-06
IGHV3,28,5.818375260268393e-06
IGHV3,29,7.4807681917736485e-06
IGHV3,30,2.4935893972578827e-06
IGHV3,31,5.818375260268393e-06
IGHV3,32,2.4935893972578827e-06
IGHV3,33,4.1559823287631385e-06
IGHV3,34,1.6623929315052552e-06
IGHV3,35,3.3247858630105104e-06
IGHV3,36,8.311964657526276e-07
IGHV3,37,1.6623929315052552e-06
IGHV3,38,2.4935893972578827e-06
IGHV3,39,8.311964657526276e-07
IGHV3,40,8.311964657526276e-07
IGHV3,41,2.4935893972578827e-06
IGHV3,43,1.6623929315052552e-06
IGHV3,44,4.1559823287631385e-06
IGHV3,45,8.311964657526276e-07
IGHV3,47,8.311964657526276e-07
IGHV3,50,8.311964657526276e-07
IGHV3,51,8.311964657526276e-07
IGHV3,52,8.311964657526276e-07
IGHV3,53,3.3247858630105104e-06
IGHV3,54,8.311964657526276e-07
IGHV3,56,3.3247858630105104e-06
IGHV3,58,7.4807681917736485e-06
IGHV3,59,2.4935893972578827e-06
IGHV3,60,8.311964657526276e-07
IGHV3,62,2.4935893972578827e-06
IGHV3,63,2.4935893972578827e-06
IGHV3,70,8.311964657526276e-07
IGHV3,71,1.6623929315052552e-06
IGHV3,75,1.6623929315052552e-06
IGHV3,77,2.4935893972578827e-06
IGHV3,78,2.4935893972578827e-06
IGHV3,90,8.311964657526276e-07
IGHV3,97,8.311964657526276e-07
IGHV3/OR16,0,0.18604651162790697
IGHV3/OR16,1,0.13953488372093023
IGHV3/OR16,2,0.09302325581395349
IGHV3/OR16,4,0.11627906976744186
IGHV3/OR16,5,0.11627906976744186
IGHV3/OR16,6,0.06976744186046512
IGHV3/OR16,7,0.023255813953488372
IGHV3/OR16,9,0.023255813953488372
IGHV3/OR16,17,0.046511627906976744
IGHV3/OR16,19,0.023255813953488372
IGHV3/OR16,23,0.046511627906976744
IGHV3/OR16,41,0.023255813953488372
IGHV3/OR16,64,0.046511627906976744
IGHV3/OR16,78,0.023255813953488372
IGHV3/OR16,99,0.023255813953488372
IGHV4,0,0.41190209175498105
IGHV4,1,0.3438407246739578
IGHV4,2,0.10610142833773181
IGHV4,3,0.09158350956791157
IGHV4,4,0.01745264332157998
IGHV4,5,0.016180403766065596
IGHV4,6,0.006774108988850412
IGHV4,7,0.0028411050647157024
IGHV4,8,0.0017363951175959303
IGHV4,9,0.0008169532079949071
IGHV4,10,0.00010741604302948718
IGHV4,11,0.00010544510646013879
IGHV4,12,0.00010840151131416137
IGHV4,13,7.193918478121618e-05
IGHV4,14,6.109903364980005e-05
IGHV4,15,8.869214562067749e-05
IGHV4,16,5.025888251838391e-05
IGHV4,17,2.8578580255551636e-05
IGHV4,18,2.759311197087744e-05
IGHV4,19,1.4782024270112916e-05
IGHV4,20,2.2665770547506468e-05
IGHV4,21,1.1825619416090332e-05
IGHV4,22,6.89827799271936e-06
IGHV4,23,1.9709365693483885e-06
IGHV4,24,4.927341423370972e-06
IGHV4,25,2.956404854022583e-06
IGHV4,26,9.854682846741943e-07
IGHV4,27,9.854682846741943e-07
IGHV4,28,5.912809708045166e-06
IGHV4,29,9.854682846741943e-07
IGHV4,30,9.854682846741943e-07
IGHV4,31,9.854682846741943e-07
IGHV4,32,2.956404854022583e-06
IGHV4,33,1.9709365693483885e-06
IGHV4,34,9.854682846741943e-07
IGHV4,36,2.956404854022583e-06
IGHV4,37,9.854682846741943e-07
IGHV4,38,4.927341423370972e-06
IGHV4,40,9.854682846741943e-07
IGHV4,42,4.927341423370972e-06
IGHV4,44,9.854682846741943e-07
IGHV4,45,9.854682846741943e-07
IGHV4,49,2.956404854022583e-06
IGHV4,52,9.854682846741943e-07
IGHV4,53,9.854682846741943e-07
IGHV4,54,1.9709365693483885e-06
IGHV4,55,1.9709365693483885e-06
IGHV4,59,9.854682846741943e-07
IGHV4,64,9.854682846741943e-07
IGHV4,65,9.854682846741943e-07
IGHV4,66,9.854682846741943e-07
IGHV4,69,9.854682846741943e-07
IGHV4,71,2.956404854022583e-06
IGHV4,72,9.854682846741943e-07
IGHV4,74,9.854682846741943e-07
IGHV4,82,9.854682846741943e-07
IGHV4,84,1.9709365693483885e-06
IGHV4/OR15,0,0.3
IGHV4/OR15,1,0.6
IGHV4/OR15,5,0.1
IGHV5,0,0.4639928087555255
IGHV5,1,0.3784763087416249
IGHV5,2,0.08062348830959419
IGHV5,3,0.048021944416128406
IGHV5,4,0.014780972856758936
IGHV5,5,0.007033704324940459
IGHV5,6,0.004225782835537351
IGHV5,7,0.0014178613461342427
IGHV5,8,0.00035214856962811257
IGHV5,9,0.00022240962292301847
IGHV5,10,1.853413524358487e-05
IGHV5,11,3.706827048716974e-05
IGHV5,12,9.267067621792436e-06
IGHV5,13,1.853413524358487e-05
IGHV5,14,1.853413524358487e-05
IGHV5,15,4.6335338108962183e-05
IGHV5,16,1.853413524358487e-05
IGHV5,17,1.853413524358487e-05
IGHV5,18,1.853413524358487e-05
IGHV5,19,1.853413524358487e-05
IGHV5,21,2.780120286537731e-05
IGHV5,22,9.267067621792436e-06
IGHV5,23,9.267067621792436e-06
IGHV5,26,2.780120286537731e-05
IGHV5,28,4.6335338108962183e-05
IGHV5,34,9.267067621792436e-06
IGHV5,37,9.267067621792436e-06
IGHV5,38,1.853413524358487e-05
IGHV5,39,9.267067621792436e-06
IGHV5,40,9.267067621792436e-06
IGHV5,42,9.267067621792436e-06
IGHV5,57,0.00014827308194867897
IGHV5,58,9.267067621792436e-06
IGHV5,59,0.00018534135243584873
IGHV5,60,1.853413524358487e-05
IGHV5,66,3.706827048716974e-05
IGHV5,69,1.853413524358487e-05
IGHV5,80,1.853413524358487e-05
IGHV5,83,9.267067621792436e-06
IGHV6,0,0.46306373462541933
IGHV6,1,0.30361535594483785
IGHV6,2,0.08542676108833396
IGHV6,3,0.0894521058516586
IGHV6,4,0.0158777487886694
IGHV6,5,0.010883339545285128
IGHV6,6,0.01528140141632501
IGHV6,7,0.004696235557212076
IGHV6,8,0.0019381289601192696
IGHV6,9,0.0023853894893775623
IGHV6,10,0.0008199776369735371
IGHV6,11,0.0012672381662318301
IGHV6,12,0.0002981736861721953
IGHV6,13,0.00014908684308609764
IGHV6,14,0.0005218039508013418
IGHV6,15,0.0011181513231457323
IGHV6,16,0.0005963473723443906
IGHV6,17,0.0007454342154304882
IGHV6,18,0.0005218039508013418
IGHV6,19,0.00014908684308609764
IGHV6,20,0.00014908684308609764
IGHV6,21,0.00044726052925829295
IGHV6,22,0.00022363026462914648
IGHV6,23,7.454342154304882e-05
IGHV6,24,7.454342154304882e-05
IGHV6,25,7.454342154304882e-05
IGHV6,28,7.454342154304882e-05
IGHV6,47,7.454342154304882e-05
IGHV7,0,0.38472717664156425
IGHV7,1,0.2953274320694059
IGHV7,2,0.12397058175892896
IGHV7,3,0.09173382657330338
IGHV7,4,0.026908001937728455
IGHV7,5,0.014312766988153433
IGHV7,6,0.008455542343770644
IGHV7,7,0.004271810454925794
IGHV7,8,0.045932972211212404
IGHV7,9,0.0010129035099308583
IGHV7,10,0.0004844321134451931
IGHV7,11,0.000440392830404721
IGHV7,12,0.0001761571321618884
IGHV7,13,0.0002201964152023605
IGHV7,14,0.0001321178491214163
IGHV7,15,0.0003523142643237768
IGHV7,16,0.0002201964152023605
IGHV7,17,0.000440392830404721
IGHV7,18,8.80785660809442e-05
IGHV7,19,4.40392830404721e-05
IGHV7,22,8.80785660809442e-05
IGHV7,23,8.80785660809442e-05
IGHV7,24,8.80785660809442e-05
IGHV7,36,8.80785660809442e-05
IGHV7,37,4.40392830404721e-05
IGHV7,40,8.80785660809442e-05
IGHV7,68,0.0002642356982428326
